{
  "ping_with_delay_post_bodydata" : {
    "transaction" : "ping_with_delay_post_bodydata",
    "sampleCount" : 1000000,
    "errorCount" : 0,
    "errorPct" : 0.0,
    "meanResTime" : 1.3367350000000076,
    "medianResTime" : 1.0,
    "minResTime" : 0.0,
    "maxResTime" : 408.0,
    "pct1ResTime" : 1.0,
    "pct2ResTime" : 2.0,
    "pct3ResTime" : 10.0,
    "throughput" : 34789.86919009184,
    "receivedKBytesPerSec" : 5417.055481959279,
    "sentKBytesPerSec" : 6862.845289451711
  },
  "ping_with_delay_get" : {
    "transaction" : "ping_with_delay_get",
    "sampleCount" : 1000000,
    "errorCount" : 0,
    "errorPct" : 0.0,
    "meanResTime" : 1.7355880000000374,
    "medianResTime" : 1.0,
    "minResTime" : 0.0,
    "maxResTime" : 621.0,
    "pct1ResTime" : 1.0,
    "pct2ResTime" : 2.0,
    "pct3ResTime" : 14.0,
    "throughput" : 34198.55682090216,
    "receivedKBytesPerSec" : 5258.163870133118,
    "sentKBytesPerSec" : 5143.142334393488
  },
  "Total" : {
    "transaction" : "Total",
    "sampleCount" : 2000000,
    "errorCount" : 0,
    "errorPct" : 0.0,
    "meanResTime" : 1.5361614999999793,
    "medianResTime" : 1.0,
    "minResTime" : 0.0,
    "maxResTime" : 621.0,
    "pct1ResTime" : 1.0,
    "pct2ResTime" : 2.0,
    "pct3ResTime" : 8.0,
    "throughput" : 68397.11364180432,
    "receivedKBytesPerSec" : 10583.14737868062,
    "sentKBytesPerSec" : 11889.342019766766
  }
}